HORA INICIO MOT. 1,HORA FIM MOT. 1
3:02,05:04
3:32,12:34
4:46,09:56
4:46,09:56
5:30,10:00
SOBREAVISO,
6:31,15:22
6:18,10:45
6:35,09:32
6:31,15:22
6:00,09:48
6:00,09:48
6:18,10:45
07:58,
,
4:46,09:56
4:46,09:56
8:26,11:05
3:32,12:34
6:18,10:45
SOBREAVISO,
SOBREAVISO,
6:31,15:22
11:50,17:45
9:30,12:20
10:45,18:00
12:49,21:09
11:24,15:08
11:05,18:47
6:18,10:45
11:33,19:17
10:45,18:00
13:30,18:38
14:01,00:00
11:54,16:40
8:00,21:53
10:57,19:41
11:05,18:47
11:33,19:17
,
12:49,21:09
14:46,18:47
14:46,18:47
14:46,18:47
13:23,21:35
13:23,21:10
15:50,20:24
,21:37
,
16:13,21:18
16:13,21:18
13:22,21:24
8:00,21:35
,
10:45,18:00
6:12,18:54
14:01,00:00
16:13,21:18
18:06,01:11
HORA INÍCIO MOT. 1,HORA FIM MOT. 1
4:12,13:17
4:20,12:40
4:12,13:17
5:30,15:30
5:19,19:32
6:16,18:54
5:19,19:32
5:19,19:32
4:20,12:40
5:19,19:32
6:38,19:22
7:34,21:10
4:12,13:17
5:19,19:32
6:46,18:40
7:09,19:01
7:01,18:55
14:36,16:28
11:01,17:21
11:01,17:21
11:29,16:05
4:12,13:17
SOBREAVISO,
5:30,15:30
9:59,13:18
9:01,19:30
4:12,13:17
,
5:30,15:30
5:30,15:30
5:40,18:19
12:35,16:58
12:00,18:05
12:02,19:08
11:14,15:19
SOBREAVISO,
11:29,16:05
11:42,16:32
12:58,20:10
6:38,19:22
11:59,20:47
7:34,21:10
7:09,19:01
5:30,15:30
13:11,19:34
12:00,18:05
7:01,18:55
14:36,16:28
9:01,19:30
14:33,21:49
11:55,19:25
12:45,19:21
6:46,18:40
19:09,21:47
11:42,16:32
11:27,15:50
11:43,16:34
5:19,19:32
15:20,21:07
5:19,19:32
5:19,19:32
6:16,18:54
15:20,21:07
15:20,21:07
19:09,21:47
13:30,01:35
13:50,21:25
HORA INÍCIO MOT. 1,HORA FIM MOT. 1
5:46,13:10
04:15,
,
4:10,13:15
4:10,13:15
4:24,05:39
4:10,13:15
3:29,13:57
04:11,
5:35,10:09
5:46,13:10
5:27,18:06
5:09,20:13
6:13,18:34
5:09,20:13
6:21,19:04
12:49,20:00
4:10,13:15
SOBREAVISO,
6:40,16:00
6:58,16:46
6:40,17:00
5:09,20:13
6:58,16:46
6:40,16:00
6:40,17:00
8:30,17:05
5:09,20:13
,
5:09,20:13
8:15,14:06
8:22,13:06
8:17,13:55
4:15,12:53
7:08,15:41
8:30,17:52
7:03,19:16
SOBREAVISO,
9:40,13:00
6:40,16:00
6:58,16:46
6:40,17:00
8:30,17:05
4:10,13:15
9:21,15:45
4:10,13:15
5:46,13:10
5:46,13:10
9:36,20:28
8:59,17:14
5:27,18:06
6:21,19:04
4:10,13:15
4:10,13:15
3:29,13:57
4:15,12:53
5:27,18:06
SOBREAVISO,
12:32,19:50
10:20,
9:41,15:33
9:41,15:33
9:41,15:33
12:27,16:09
12:27,16:09
12:49,20:00
10:13,17:55
13:50,21:25
13:50,21:25
12:32,19:50
9:05,19:53
9:40,19:59
14:11,19:47
,
10:09,20:43
,
8:30,17:52
11:50,19:40
6:21,19:04
12:55,22:24
5:09,20:13
5:27,18:06
7:03,19:16
,
SOBREAVISO,
12:50,22:52
13:59,22:59
16:00,23:45
16:00,23:45
5:09,20:13
11:37,20:52
9:40,13:00
5:09,20:13
6:13,18:34
18:06,22:38
16:00,23:45
13:50,21:25
HORA INÍCIO MOT. 1,HORA FIM MOT. 1
3:10,11:38
,
4:02,12:54
4:33,14:36
4:21,10:36
4:21,16:20
4:21,16:20
2:53,09:04
4:21,16:20
3:10,11:38
6:16,19:59
6:44,14:55
6:37,19:11
6:38,19:20
6:53,14:11
7:03,15:06
4:21,10:36
3:10,11:38
6:45,14:03
8:27,13:08
4:33,14:36
,
6:29,12:50
6:29,12:50
8:07,22:13
6:41,12:29
8:18,16:55
9:52,19:51
4:02,12:54
4:33,14:36
10:04,18:50
10:33,15:22
,
11:45,14:52
8:25,15:19
8:07,22:13
11:13,16:47
4:21,16:20
11:43,19:43
11:35,22:46
11:35,22:46
12:02,20:08
6:16,19:59
11:51,19:33
11:46,19:48
12:20,19:34
6:38,19:20
12:09,18:39
4:21,16:20
6:37,19:11
10:33,15:22
11:36,16:08
8:18,16:55
13:56,16:08
8:07,22:13
15:05,23:35
HORA INÍCIO MOT. 1,HORA FIM MOT. 1
4:34,15:38
4:10,11:38
4:10,11:38
4:17,13:20
4:20,06:11
5:29,10:32
4:45,14:40
5:50,14:28
6:17,17:33
5:58,19:41
14:00,17:25
4:17,13:20
7:33,14:39
7:32,13:37
7:43,19:39
6:03,15:23
6:54,15:00
6:54,15:00
6:30,19:30
6:27,18:32
,
4:10,11:38
6:55,15:23
8:00,19:35
5:29,10:32
8:52,18:00
4:34,15:38
4:34,15:38
9:48,16:27
5:50,14:28
9:30,16:23
9:51,16:27
12:10,17:40
,
4:34,15:38
11:50,19:52
8:00,19:35
,
13:40,17:43
,
11:58,21:03
7:43,19:39
15:09,18:00
,
12:38,21:32
13:40,17:43
17:09,20:17
5:58,19:41
6:17,17:33
23:26,00:16
HORA INÍCIO MOT. 1,HORA FIM MOT. 1
,
,
,
6:20,16:20
6:32,09:27
7:40,14:52
7:00,16:29
9:14,15:26
6:20,16:20
9:55,15:08
10:30,
7:40,14:52
,
,
9:14,15:26
12:17,20:12
14:53,18:46
14:53,23:32
,
HORA INÍCIO MOT. 1,HORA FIM MOT. 1
03:47,11:37
3:58,12:55
,
,
5:03,10:08
5:23,17:27
5:23,17:27
6:50,19:08
6:36,17:06
3:58,12:55
,
05:30,11:32
6:16,14:51
8:24,11:21
9:10,14:32
8:01,14:41
12:03,20:17
10:00,20:47
11:36,15:51
9:10,14:32
5:23,17:27
9:20,22:25
5:23,17:27
,
13:20,21:45
13:20,21:45
13:20,21:45
12:39,22:00
12:39,22:00
12:39,22:00
,
6:50,19:08
13:34,20:26
12:03,20:17
16:30,20:00
13:20,21:45
13:20,21:45
13:20,21:45
12:39,22:00
17:52,22:55
19:13,21:14
20:33,22:00
,
HORA INÍCIO MOT. 1,HORA FIM MOT. 1
03:20,05:23
03:22,13:02
03:20,05:23
04:13,14:52
04:13,14:52
04:50,10:08
,
05:19,
08:25,10:35
06:31,17:47
08:25,10:35
08:25,10:35
08:25,10:35
8:11,10:31
04:50,10:08
03:22,13:02
08:37,20:11
08:57,15:26
08:13,10:52
08:41,14:55
,
12:18,23:20
10:59,17:20
08:41,14:55
10:10,14:39
09:39,21:15
10:59,17:20
,
11:40,20:12
12:03,17:03
12:23,21:10
12:23,21:10
12:05,13:15
04:13,14:52
,
11:06,19:30
12:05,
13:39,19:50
10:37,20:32
08:37,20:11
12:51,18:40
12:51,18:40
09:19,18:18
12:10,19:21
15:23,21:19
13:50,01:42
11:40,20:12
13:01,19:35
10:05,22:20
11:56,22:04
07:10,18:37
12:18,23:20
12:18,23:20
12:17,22:52
10:00,20:49
12:06,22:06
12:03,17:03
11:40,20:12
06:31,17:47
15:23,21:19
15:23,21:19
,
17:59,22:51
12:23,21:10
12:23,21:10
19:46,03:15
14:10,01:56
HORA INÍCIO MOT. 1,HORA FIM MOT. 1
3:59,08:00
3:59,08:00
4:32,19:02
4:22,14:20
4:51,15:57
4:34,10:06
5:47,13:16
5:00,15:47
5:00,15:47
5:43,12:17
6:00,10:00
5:20,20:13
SOBREAVISO,
17:30,22:23
6:30,18:20
5:20,20:13
6:11,20:00
5:20,20:13
SOBREAVISO,
7:08,21:10
7:03,19:32
7:03,19:32
7:03,19:32
05:58,
05:58,
7:28,16:20
5:20,20:13
5:20,20:13
8:11,12:10
8:20,13:05
8:22,18:14
8:13,15:58
SOBREAVISO,
17:30,22:23
6:25,13:27
09:42,
8:00,15:23
11:45,18:18
13:47,17:51
7:17,21:06
9:22,17:10
8:00,15:23
5:43,12:17
11:37,13:10
4:22,14:20
6:11,20:00
4:51,15:57
4:32,19:02
5:00,15:47
11:45,18:18
,
11:44,20:58
13:33,19:39
9:19,17:55
13:29,21:11
13:18,19:56
7:55,20:20
9:30,19:53
4:32,19:02
4:32,19:02
4:32,19:02
14:10,01:56
4:22,14:20
11:43,20:22
6:11,20:00
14:48,21:45
7:03,19:32
7:03,19:32
7:03,19:32
8:22,18:14
15:12,
13:51,15:57
12:57,20:48
11:43,21:29
11:43,21:29
13:47,17:51
,
5:20,20:13
16:17,21:12
16:17,21:12
7:08,21:10
5:20,20:13
15:57,20:30
5:20,20:13
6:30,18:20
17:45,21:04
16:17,21:12
16:17,21:12
14:10,01:56
13:02,02:05
HORA INÍCIO MOT. 1,HORA FIM MOT. 1
04:10,10:07
03:39,18:33
04:08,11:41
03:39,18:33
05:20,14:21
05:27,06:55
05:30,18:34
05:10,20:09
5:43,12:17
06:26,18:35
05:10,20:09
05:55,
05:55,16:15
06:02,19:28
04:08,11:41
05:48,15:45
04:10,10:07
,
05:10,20:09
06:05,14:48
06:30,14:20
06:22,19:45
06:32,21:40
06:36,19:30
06:39,13:47
SOBREAVISO,
SOBREAVISO,
06:32,19:04
05:10,20:09
05:10,20:09
05:43,13:09
07:23,18:21
SOBREAVISO,
SOBREAVISO,
06:48,17:10
07:39,20:25
06:54,14:37
08:08,21:37
,
09:46,
,
06:02,19:28
SOBREAVISO,
SOBREAVISO,
04:08,11:41
09:47,21:24
09:23,17:34
07:45,15:02
07:45,15:02
09:34,17:22
09:23,18:14
09:23,18:14
09:40,18:20
09:40,18:20
,
09:47,17:07
10:16,18:18
,
03:38,19:34
05:48,15:45
11:56,21:56
07:23,18:21
13:02,02:05
03:39,18:33
,
05:30,18:34
06:36,19:30
,
SOBREAVISO,
SOBREAVISO,
14:15,22:34
06:22,19:45
11:56,21:56
SOBREAVISO,
SOBREAVISO,
06:32,19:04
06:32,21:40
05:10,20:09
5:43,12:17
10:16,18:18
06:02,19:28
16:33,20:58
,
05:10,20:09
07:39,20:25
SOBREAVISO,
SOBREAVISO,
08:08,21:37
09:47,21:24
05:10,20:09
06:26,18:35
16:33,20:58
09:47,21:24
,
18:16,23:15
13:00,22:24
14:00,00:00
HORA INÍCIO MOT. 1,HORA FIM MOT. 1
03:33,05:40
04:05,14:06
04:15,14:18
SOBREAVISO,
12:10,19:55
05:04,13:00
SOBREAVISO,
12:10,19:55
5:01,12:38
5:36,09:00
06:26,17:57
05:45,19:10
06:03,19:05
05:45,19:10
08:00,19:50
10:56,20:19
12:07,20:50
05:45,16:46
06:04,09:50
05:32,17:57
06:25,16:42
04:15,14:18
05:45,19:10
06:51,15:07
07:15,18:56
,
05:45,19:10
5:36,09:00
06:04,09:50
06:35,14:10
06:31,14:20
06:43,19:02
6:34,20:17
,
07:47,14:25
05:45,19:10
,
06:30,15:03
08:10,16:44
07:56,17:03
04:15,14:18
05:29,18:40
04:05,14:06
05:04,13:00
10:35,16:56
10:56,20:19
05:45,16:46
06:25,16:42
05:04,13:00
12:10,19:55
SOBREAVISO,
12:10,19:55
06:51,15:07
12:28,19:19
12:20,21:04
12:20,21:04
06:26,17:57
12:30,19:45
05:32,17:57
11:55,21:47
12:07,20:50
07:15,18:56
11:55,21:50
6:34,20:17
12:10,19:55
SOBREAVISO,
06:43,19:02
11:46,
14:22,15:30
06:26,17:57
11:34,18:02
15:00,21:31
12:10,19:55
11:34,18:02
,
05:45,19:10
08:00,19:50
08:10,16:44
12:07,20:50
16:37,22:06
16:37,22:06
08:00,19:50
05:45,19:10
12:10,19:55
12:20,21:04
SOBREAVISO,
12:10,19:55
05:45,19:10
06:03,19:05
SOBREAVISO,
12:10,19:55
SOBREAVISO,
16:37,22:06
14:00,00:00
15:00,21:31
16:37,22:06
HORA INÍCIO MOT. 1,HORA FIM MOT. 1
3:16,12:45
3:05,10:15
3:58,16:52
3:37,09:27
4:28,10:09
4:23,15:49
4:15,11:30
4:11,19:23
4:23,14:30
4:39,15:58
4:28,10:09
06:00,
5:15,18:41
5:26,06:31
5:25,17:14
5:25,17:14
5:25,17:14
4:15,11:30
6:05,19:05
4:15,11:30
6:43,17:09
3:37,09:27
3:05,10:15
6:47,10:02
7:56,15:38
5:00,12:09
7:47,17:45
7:13,14:32
6:38,16:05
5:15,18:41
5:15,18:41
6:29,18:27
6:38,14:49
8:05,13:19
3:16,12:45
,
7:56,12:58
5:25,17:14
8:50,14:04
9:04,19:01
9:24,16:50
4:39,15:58
10:05,20:05
8:50,14:04
8:50,14:04
8:50,14:04
11:11,19:37
10:59,17:27
10:43,
12:10,
12:33,21:42
5:25,17:14
5:25,17:14
11:10,18:47
11:10,18:47
11:10,18:47
12:41,23:05
12:41,23:05
12:41,23:05
3:58,16:52
12:51,18:23
5:15,18:41
10:05,20:05
10:48,19:39
10:48,19:39
4:11,19:23
11:10,18:47
11:10,18:47
3:58,16:52
12:51,18:23
16:11,21:25
12:41,23:05
8:05,13:19
,
14:39,
16:33,21:42
6:05,19:05
15:29,22:34
12:33,21:42
12:41,23:05
HORA INÍCIO MOT. 1,HORA FIM MOT. 1
04:37,14:00
07:31,15:13
05:32,15:04
SOBREAVISO,
06:23,
07:10,14:50
07:15,18:56
04:37,14:00
07:31,15:13
06:24,10:27
08:30,12:43
09:31,19:01
09:01,20:00
11:51,16:46
,
09:07,14:11
SOBREAVISO,
07:15,18:56
SOBREAVISO,
10:24,20:24
11:49,21:17
07:31,15:13
11:51,16:46
10:41,00:02
10:41,00:02
07:10,14:50
10:24,20:24
11:57,18:47
09:01,20:00
SOBREAVISO,
,
,
10:41,00:02
10:41,00:02
SOBREAVISO,
HORA INÍCIO MOT. 1,HORA FIM MOT. 1
03:32,10:41
03:32,10:41
08:43,19:00
,
10:41,12:36
09:39,16:11
10:12,13:29
11:17,16:15
12:44,20:25
13:19,19:12
13:30,18:47
14:19,18:42
,
17:03,21:44
16:30,20:45
16:30,20:45
16:30,20:45
,
17:03,21:44
16:30,20:45
17:22,22:09
17:03,21:44
HORA INÍCIO MOT. 1,HORA FIM MOT. 1
,
3:52,10:49
4:34,14:25
4:50,10:44
4:43,13:03
SOBREAVISO,
5:32,15:50
5:32,15:50
5:25,19:12
4:58,17:13
,
,
,
5:08,21:57
5:08,21:26
6:04,19:00
6:23,17:49
3:52,10:49
5:15,8:36
4:50,10:44
4:34,14:25
3:52,10:49
5:45,10:08
SOBREAVISO,
4:50,10:44
4:50,10:44
5:32,15:50
5:32,15:50
6:48,17:22
6:32,18:06
4:58,17:13
7:42,14:52
,
,
8:39,21:35
7:57,21:53
9:38,23:13
9:14,15:50
8:22,14:28
6:23,17:49
7:42,14:52
4:58,17:13
12:00,
4:43,13:03
12:19,22:42
5:32,15:50
4:40,15:45
4:34,14:25
9:38,23:13
12:19,22:42
,
9:19,19:55
15:42,16:28
6:48,17:22
12:30,16:41
7:57,21:53
4:58,17:13
15:21,19:52
15:41,21:30
15:41,21:30
12:13,19:32
,20:45
5:08,21:57
15:12,20:26
15:12,20:26
14:00,00:00
5:08,21:26
8:19,22:05
8:19,22:05
14:26,21:58
17:00,21:44
6:04,19:00
14:05,23:08
15:41,21:30
13:38,22:21
8:39,21:35
9:38,23:13
HORA INÍCIO MOT. 1,HORA FIM MOT. 1
10:49,15:54
2:29,10:10
04:22,14:33
3:50,10:25
05:10,20:59
5:34,19:57
6:06,19:05
5:34,19:57
5:50,8:34
5:47,14:58
5:48,13:28
7:13,15:18
06:29,20:49
5:34,19:57
7:40,18:02
5:34,19:57
,
7:00,15:01
7:00,15:01
8:02,09:31
,
8:12,18:33
5:34,19:57
3:50,10:25
8:12,18:33
6:49,18:14
8:19,19:59
7:00,15:01
9:48,17:52
5:48,13:28
04:22,14:33
11:36,14:44
10:49,15:54
10:23,12:44
9:55,11:37
12:08,19:27
15:42,16:10
5:48,13:28
9:10,12:24
11:36,14:44
7:00,15:01
7:57,18:25
04:22,14:33
9:29,18:39
12:05,19:28
7:13,15:18
8:12,18:33
8:12,18:33
8:12,18:33
04:22,14:33
,
12:08,19:27
10:50,19:21
9:18,18:54
7:40,18:02
11:18,17:42
9:06,20:14
9:17,19:22
12:35,19:35
14:12,19:11
10:00,20:15
15:02,20:46
,
,
,
,
5:34,19:57
9:55,11:37
,
,
5:34,19:57
9:48,17:52
15:35,19:04
5:34,19:57
6:06,19:05
14:58,01:00
14:58,01:00
HORA INÍCIO MOT. 1,HORA FIM MOT. 1
,
,
2:39,10:50
,
03:43,14:04
4:30,10:25
4:31,15:33
03:43,14:04
4:47,22:14
3:44,16:15
5:38,22:31
5:22,10:00
5:30,09:30
5:50,10:14
5:50,10:14
5:30,09:30
5:22,10:00
5:30,09:30
5:50,10:14
,
,
5:42,14:20
5:16,16:21
5:04,19:53
6:10,18:45
5:04,19:53
03:43,14:04
,
,
4:30,10:25
5:04,19:53
6:53,16:49
5:38,17:40
7:50,21:09
07:39,
5:04,19:53
5:04,19:53
7:37,13:35
6:44,14:15
7:47,19:13
3:44,16:15
6:53,16:49
7:21,21:09
6:40,13:20
7:29,23:29
7:07,21:10
6:55,19:51
8:30,19:26
9:45,23:21
4:30,10:25
03:43,14:04
7:41,18:29
7:50,16:59
09:25,
9:17,17:10
9:10,17:37
9:10,17:37
4:31,15:33
9:06,18:20
5:42,14:20
5:16,16:21
2:39,10:50
11:47,17:15
6:53,16:49
11:47,17:15
10:01,17:33
11:17,21:09
9:33,19:38
11:49,
9:31,00:53
9:30,10:33
11:59,17:00
11:59,17:00
03:43,14:04
13:00,23:00
7:21,21:09
6:55,19:51
7:47,19:13
11:24,20:15
9:31,00:53
7:50,16:59
8:30,19:26
8:30,19:26
7:29,23:29
9:45,23:21
7:50,21:09
5:04,19:53
14:07,19:45
4:47,22:14
9:10,17:37
,
8:30,19:26
5:38,22:31
SOBREAVISO,
6:53,16:49
,
5:04,19:53
7:50,21:09
9:45,23:21
9:31,00:53
13:00,23:00
5:04,19:53
6:10,18:45
11:24,20:15
16:46,20:53
13:16,
9:30,10:33
SOBREAVISO,
9:31,00:53
11:24,20:15
,
,
HORA INÍCIO MOT. 1,HORA FIM MOT. 1
4:42,12:30
SOBREAVISO,
04:19,11:37
4:29,07:30
05:00,
4:55,20:29
4:05,13:10
5:18,20:03
5:28,14:08
5:50,10:10
5:50,10:10
5:35,19:56
6:09,18:42
5:35,19:56
5:35,19:56
7:53,14:00
6:13,15:06
7:33,12:49
7:09,17:28
6:02,20:44
7:26,19:24
5:35,19:56
6:27,14:37
SOBREAVISO,
7:14,19:13
7:20,13:24
6:28,19:56
6:32,20:43
SOBREAVISO,
6:29,15:17
5:28,14:08
5:35,19:56
6:02,20:44
9:18,20:25
6:13,15:06
,
7:53,14:00
8:57,11:34
8:38,19:15
9:10,11:05
4:42,12:30
04:19,11:37
,
7:53,11:35
8:40,16:53
7:53,14:00
12:01,17:44
8:55,15:25
08:57,
12:34,18:59
6:13,15:06
7:14,19:13
7:53,14:00
8:40,16:53
13:26,21:25
12:00,19:55
11:59,19:45
,
11:45,18:52
7:26,19:24
4:55,20:29
11:45,
6:28,19:56
7:09,17:28
6:32,20:43
SOBREAVISO,
9:18,20:25
16:14,21:16
5:18,20:03
9:10,11:05
8:57,11:34
,
8:38,19:15
,
5:35,19:56
,
6:27,14:37
16:55,22:05
16:00,19:48
8:40,16:53
16:30,22:05
5:35,19:56
5:35,19:56
6:09,18:42
13:26,21:25
13:59,00:00
,
,
16:30,22:05
SOBREAVISO,
HORA INÍCIO MOT. 1,HORA FIM MOT. 1
2:55,11:09
4:01,15:49
,
SOBREAVISO,
2:55,11:09
04:16,14:00
4:21,21:55
5:24,17:50
4:54,12:01
5:21,22:04
04:16,14:00
2:55,11:09
6:14,18:07
6:22,12:17
SOBREAVISO,09:16
7:06,21:36
05:24,
07:07,17:00
6:10,10:51
6:09,10:46
6:53,16:27
7:43,16:36
06:47,
2:55,11:09
6:23,20:23
6:29,02:54
6:29,12:37
5:46,20:02
6:18,12:06
6:10,10:51
6:09,10:46
,
8:26,12:27
2:55,11:09
6:45,15:54
,
,
,
,
,
9:00,12:20
6:55,21:30
4:01,15:49
,
7:12,15:19
6:53,16:27
9:21,17:05
,
5:24,17:50
5:24,17:50
5:24,17:50
,
13:04,19:40
11:34,19:48
11:34,19:48
12:00,21:55
4:01,15:49
6:23,20:23
12:59,21:37
12:59,21:37
12:59,21:37
12:29,21:01
,
,
,
12:00,20:58
14:30,03:20
5:24,17:50
5:24,17:50
5:24,17:50
14:02,20:33
5:46,20:02
12:35,22:41
4:21,21:55
12:59,21:37
5:21,22:04
,
6:10,10:51
15:20,20:22
14:59,22:40
,
,
,
6:14,18:07
12:29,21:01
12:59,21:37
14:30,03:20
HORA INÍCIO MOT. 1,HORA FIM MOT. 1
3:36,05:07
03:28,13:03
4:10,18:04
4:35,14:53
,
6:18,12:01
06:28,10:30
4:35,14:53
SOBREAVISO,
5:58,16:58
7:08,16:09
6:24,10:12
4:10,18:04
,
9:16,21:08
15:00,20:35
,
,
6:18,12:01
9:36,13:23
10:00,13:00
12:20,23:15
12:36,23:24
,
9:16,21:08
,
15:00,20:35
12:36,23:24
12:20,23:15
16:40,23:24
18:39,01:10
HORA INÍCIO MOT. 1,HORA FIM MOT. 1
3:24,11:08
3:24,11:08
5:30,07:03
8:40,20:53
,
,
11:24,15:15
13:34,17:55
13:34,17:55
11:37,20:52
SOBREAVISO,
,
14:10,19:11
,
16:29,19:48
15:58,20:13
16:20,18:41
15:17,22:43
8:40,20:53
,
14:51,20:42
16:55,21:40
13:26,22:50
17:25,00:25
15:30,21:47
,
17:25,00:25
19:43,00:05
17:25,00:25
HORA INÍCIO MOT. 1,HORA FIM MOT. 1
3:35,13:02
4:07,13:17
2:53,10:01
04:19,14:01
05:25,
5:31,11:15
5:31,11:15
5:57,13:26
6:12,18:59
,
04:19,14:01
,
7:21,12:05
7:55,17:32
7:41,10:21
6:45,15:20
6:29,22:35
6:15,17:43
5:31,11:15
04:19,14:01
6:46,18:09
,
6:29,11:31
04:19,14:01
3:35,13:02
,
8:10,22:19
8:59,20:52
8:43,12:33
7:55,17:32
10:05,19:05
11:43,23:55
11:22,20:52
11:19,19:25
10:14,18:36
6:38,19:04
11:08,22:09
11:38,17:52
12:35,20:35
12:35,20:35
12:35,20:35
,
11:01,
11:54,15:40
9:12,17:20
5:31,11:15
11:39,21:43
8:59,20:52
8:10,22:19
11:22,20:52
11:59,19:04
11:52,20:59
,
11:48,19:26
11:19,19:25
6:45,15:20
,
9:12,17:20
,
15:45,21:05
15:45,21:05
15:45,21:05
,
11:08,22:09
6:29,22:35
16:43,21:34
16:29,22:15
16:57,22:39
12:35,20:35
6:12,18:59
17:20,00:07
16:29,22:15
16:29,22:15
16:57,22:39
15:45,21:05
15:45,21:05
14:30,00:30
14:30,00:30
17:20,00:07
HORA INÍCIO MOT. 1,HORA FIM MOT. 1
04:24,13:55
2:24,15:47
4:45,10:25
4:49,14:16
5:18,10:36
5:18,10:36
05:19,
4:49,14:16
5:25,11:40
5:28,19:09
5:01,10:41
,
,
,
5:24,19:58
5:23,18:36
6:13,19:00
5:24,19:58
6:09,15:47
5:24,19:58
7:11,19:24
5:26,13:17
07:46,10:49
2:24,15:47
2:24,15:47
5:25,11:40
5:25,11:40
5:24,19:58
5:18,10:36
5:24,19:58
4:49,14:16
6:31,14:11
7:49,20:12
9:01,12:15
7:50,11:12
04:24,13:55
5:44,14:27
SOBREAVISO,
,
,
7:48,17:28
10:05,21:06
,
10:12,12:09
9:20,20:02
04:24,13:55
5:26,13:17
6:09,15:47
9:33,17:08
5:28,19:09
13:25,19:11
7:11,19:24
10:05,21:06
7:48,17:28
13:25,
,
13:18,20:16
13:20,19:00
15:00,03:05
SOBREAVISO,
9:20,20:02
7:49,20:12
5:23,18:36
5:24,19:58
5:24,19:58
5:24,19:58
6:13,19:00
16:43,20:56
16:43,20:56
16:43,20:56
19:47,00:19
15:00,03:05
14:01,00:00
HORA INÍCIO MOT. 1,HORA FIM MOT. 1
SOBREAVISO,
13:20,21:04
4:00,09:54
04:17,14:00
2:38,13:05
5:10,13:36
5:10,13:36
5:11,19:32
6:14,18:08
5:11,19:32
6:12,16:57
6:20,15:25
04:17,14:00
4:00,09:54
5:11,19:32
6:35,21:21
6:35,13:11
6:33,19:50
6:16,18:47
6:55,19:20
,
5:11,19:32
5:11,19:32
7:50,11:43
SOBREAVISO,
5:10,13:36
04:17,14:00
9:50,15:15
04:17,14:00
04:17,14:00
9:37,18:22
9:29,17:44
09:03,
09:39,
11:28,19:58
11:19,17:58
6:20,15:25
12:14,21:18
11:28,19:58
11:43,18:52
6:12,16:57
9:50,15:15
6:35,21:21
6:20,15:25
13:20,21:04
6:33,19:50
13:17,18:30
9:50,15:15
12:14,21:18
6:55,19:20
14:08,21:00
5:11,19:32
,
11:28,19:58
11:28,19:58
6:16,18:47
5:11,19:32
14:01,00:00
14:15,01:52
14:15,01:52
5:11,19:32
6:14,18:08
,
12:14,21:18
14:15,01:52
14:15,01:52
18:45,00:28
HORA INÍCIO MOT. 1,HORA FIM MOT. 1
SOBREAVISO,
3:34,12:55
4:03,13:00
03:56,12:10
4:00,18:31
3:00,12:25
03:56,12:10
SOBREAVISO,
4:04,10:18
4:21,22:27
04:20,11:00
3:33,09:53
5:05,19:27
6:12,19:09
5:05,19:27
5:11,11:50
5:05,19:27
6:12,19:18
5:05,19:27
7:47,21:45
6:41,19:21
6:26,16:01
6:32,18:26
5:44,14:52
7:36,10:05
5:05,19:27
8:48,21:05
7:44,18:07
7:44,18:07
3:00,12:25
6:49,15:14
7:05,17:17
11:52,20:22
3:34,12:55
4:04,10:18
8:35,17:59
5:11,11:50
9:40,15:16
4:03,13:00
3:34,12:55
03:56,12:10
5:11,11:50
,
12:40,18:45
11:46,22:49
4:00,18:31
12:29,17:26
12:06,21:55
12:06,21:55
12:27,17:40
14:11,22:17
6:32,18:26
6:41,19:21
12:29,17:26
12:29,17:26
,
7:44,18:07
5:05,19:27
13:57,
15:25,20:20
,
15:43,22:47
,
12:16,22:17
10:00,22:02
7:47,21:45
4:21,22:27
11:52,20:22
,
16:05,21:25
16:05,21:25
16:05,21:25
5:05,19:27
6:12,19:18
5:05,19:27
6:12,19:09
16:05,21:25
,
,
12:40,23:16
12:40,23:16
HORA INÍCIO MOT. 1,HORA FIM MOT. 1
,
9:04,16:52
,
SOBREAVISO,
,
6:33,11:41
3:11,15:45
3:41,12:39
03:53,
03:10,09:56
03:58,14:05
03:58,14:05
4:12,10:04
3:41,12:39
3:11,15:45
,
6:13,17:51
6:33,11:41
03:58,14:05
6:23,17:52
07:04,10:10
6:36,11:45
6:36,11:45
6:52,15:44
6:34,19:30
6:34,19:30
7:02,15:10
6:36,19:11
4:12,10:04
7:04,19:44
03:58,14:05
6:32,19:06
3:11,15:45
8:51,17:45
9:21,21:55
6:23,17:52
9:34,16:20
,
3:41,12:39
,
6:33,11:41
8:40,17:10
11:22,15:33
SOBREAVISO,
10:50,16:50
9:04,16:52
12:19,17:31
13:30,19:33
13:00,23:00
11:46,22:49
13:21,19:56
12:40,22:10
,
,
12:49,16:29
,
12:19,17:31
12:40,22:10
13:52,21:51
14:27,23:05
3:11,15:45
9:04,16:52
8:40,17:10
8:51,17:45
14:25,19:26
14:25,19:26
6:36,19:11
8:40,17:10
,
9:21,21:55
,
12:40,22:10
12:40,22:10
12:40,22:10
,
,
15:14,19:24
6:13,17:51
SOBREAVISO,
12:40,22:10
13:00,23:00
14:27,23:05
HORA INÍCIO MOT. 1,HORA FIM MOT. 1
,
03:38,
3:14,06:23
SOBREAVISO,
,
6:42,15:10
7:02,11:34
,
7:11,14:55
6:15,20:00
,
6:42,15:10
,
10:28,16:30
7:02,11:34
9:40,15:20
8:13,15:12
9:03,16:28
7:11,14:55
10:00,12:10
11:52,21:52
9:24,19:26
9:55,16:41
9:52,12:57
10:33,17:11
10:46,13:00
9:24,19:26
10:30,00:28
12:12,21:46
8:57,18:39
11:52,21:52
9:40,15:20
SOBREAVISO,
11:52,21:52
9:55,16:41
13:58,
13:00,17:48
9:24,19:26
SOBREAVISO,
10:00,12:10
8:57,18:39
,
9:24,19:26
16:08,20:30
10:30,00:28
6:15,20:00
15:28,20:08
12:12,21:46
17:34,23:06
,
HORA INÍCIO MOT. 1,HORA FIM MOT. 1
3:46,18:11
3:31,19:15
6:24,14:37
7:23,00:15
6:55,14:39
8:02,09:07
7:09,19:11
8:47,12:14
8:47,12:14
7:26,12:15
6:49,12:38
7:47,15:05
8:19,22:03
3:46,18:11
8:56,20:24
7:23,12:49
8:46,19:43
13:40,15:00
10:45,22:52
,
11:47,12:56
11:28,16:22
13:40,15:00
13:44,20:20
,
9:47,21:25
8:46,19:43
12:54,21:00
3:46,18:11
8:56,20:24
10:45,22:52
7:23,00:15
13:24,
13:21,23:29
15:12,22:00
7:09,19:11
,
10:45,22:52
8:19,22:03
7:23,00:15
,
16:00,21:08
16:00,21:08
16:45,20:56
15:12,22:00
9:47,21:25
HORA INÍCIO MOT. 1,HORA FIM MOT. 1
3:32,11:36
3:24,07:44
4:12,13:56
3:53,08:15
,
4:12,13:56
,
4:58,18:28
4:00,08:44
,
3:24,07:44
6:14,13:02
6:13,12:28
3:53,08:15
6:06,18:28
3:53,08:15
4:12,13:56
,
3:32,11:36
8:25,12:07
06:54,15:46
3:32,11:36
8:53,19:16
7:55,14:28
6:13,12:28
9:53,12:34
10:16,21:56
9:32,22:06
07:15,14:20
,
10:51,19:16
10:15,13:15
,
11:26,17:47
,
,
4:12,13:56
10:16,21:56
,
9:32,22:06
8:53,19:16
6:06,18:28
11:42,20:30
4:58,18:28
13:27,19:24
14:09,19:04
14:34,18:46
14:34,18:46
7:58,17:07
13:23,23:00
15:29,21:34
15:42,17:32
,
14:09,19:04
16:20,20:40
14:09,19:04
SOBREAVISO,20:28
14:09,19:04
15:00,02:15
16:20,20:40
,
16:02,20:23
15:55,20:53
20:30,21:47
10:16,21:56
14:40,20:12
16:29,22:33
6:14,13:02
15:25,23:04
15:00,02:15
15:00,02:15
14:01,00:40
15:01,19:24
HORA INÍCIO MOT. 1,HORA FIM MOT. 1
3:25,11:12
4:32,13:13
2:57,19:36
4:16,13:22
4:34,12:50
04:19,14:01
2:44,20:23
3:30,19:55
,
5:37,19:56
5:37,19:56
6:00,15:21
6:38,17:08
04:36,21:17
5:37,19:56
,
7:09,23:23
,
5:37,19:56
07:12,
7:28,17:46
7:11,19:21
15:25,20:16
15:25,20:16
5:37,19:56
7:58,14:58
,
,
09:15,
15:13,21:08
04:19,14:01
,
7:12,19:33
10:47,22:22
10:56,16:58
9:33,12:57
4:34,12:50
,
11:18,15:34
4:32,13:13
6:38,17:08
12:17,19:59
11:30,14:27
12:40,
12:54,00:45
12:02,19:12
11:17,19:02
04:19,14:01
3:30,19:55
15:25,20:16
15:25,20:16
7:09,23:23
12:10,20:47
,
11:11,22:21
,
2:44,20:23
2:57,19:36
14:18,15:12
12:35,19:55
14:01,00:40
,
6:00,15:21
15:13,21:08
15:13,21:08
7:28,17:46
12:54,00:45
16:18,18:32
11:00,19:20
,
13:53,21:11
15:01,19:24
13:03,18:30
12:17,19:59
5:37,19:56
SOBREAVISO,
12:02,19:12
12:02,19:12
12:02,19:12
16:53,21:26
7:11,19:21
16:18,18:32
5:37,19:56
,
5:37,19:56
11:17,19:02
12:54,00:45
14:18,15:12
14:01,00:40
14:00,00:00
