HORA INÍCIO MOT. 1,HORA FIM MOT. 1
,
03:58,
,
4:04,18:38
3:53,13:50
03:57,13:09
4:20,14:32
03:57,13:09
3:54,11:12
3:28,15:44
5:04,20:20
6:13,18:37
5:04,20:20
6:31,18:43
,
03:57,13:09
5:34,15:52
,
6:53,18:03
5:04,20:20
6:20,13:30
6:18,16:28
ATESTADO,19:21
6:54,13:50
6:45,10:30
6:11,20:33
6:11,18:57
6:18,16:28
7:47,18:01
5:04,20:20
5:04,20:20
7:08,21:15
7:33,15:57
03:57,13:09
3:53,13:50
9:37,16:02
SOBREAVISO,
7:02,19:10
8:32,18:27
03:57,13:09
,
8:34,17:00
6:31,18:43
8:32,21:03
,
03:57,13:09
,
,
4:04,18:38
,
6:20,13:30
SOBREAVISO,
5:34,15:52
11:23,18:07
12:15,20:24
12:31,18:35
SOBREAVISO,
3:53,13:50
13:26,20:35
13:26,20:35
6:11,18:57
10:00,23:02
6:11,20:33
14:00,00:00
7:08,21:15
13:59,21:31
ATESTADO,
14:04,18:40
12:50,22:17
10:10,21:10
12:15,20:24
5:04,20:20
12:19,22:17
16:07,19:53
15:55,18:52
4:04,18:38
6:53,18:03
12:54,22:17
5:04,20:20
14:00,00:00
5:04,20:20
6:13,18:37
,
,
14:00,00:00
HORA INÍCIO MOT. 1,HORA FIM MOT. 1
4:00,12:30
,
04:15,14:00
3:55,07:37
2:05,10:01
5:27,08:58
5:52,13:31
5:25,19:40
6:11,18:38
5:25,19:40
06:23,
5:39,16:14
5:25,19:40
7:34,23:05
5:25,19:40
04:15,14:00
5:52,13:31
4:00,12:30
4:00,12:30
6:20,19:56
6:59,16:59
5:25,19:40
9:46,10:34
8:00,15:10
8:15,18:20
,
04:15,14:00
4:00,12:30
04:15,14:00
9:35,18:14
SOBREAVISO,
8:45,16:31
13:44,19:10
9:39,12:59
SOBREAVISO,13:21
09:21,
10:30,17:50
11:19,20:39
6:59,16:59
5:39,16:14
12:02,20:59
,
13:10,
,
11:57,19:15
9:35,18:14
8:00,15:10
,
12:00,19:45
13:21,19:32
,
12:10,20:28
11:30,20:24
12:08,20:40
11:48,19:55
6:20,19:56
13:29,19:43
8:00,15:10
12:06,
14:34,23:38
14:57,00:10
9:39,12:59
11:55,20:10
5:25,19:40
,
11:33,22:53
16:04,20:33
7:34,23:05
15:33,
13:21,19:32
16:44,21:30
5:25,19:40
5:25,19:40
6:11,18:38
14:34,23:38
16:44,21:30
16:44,21:30
17:00,21:17
17:00,21:17
17:00,21:17
18:36,00:15
15:00,01:00
18:07,23:58
HORA INÍCIO MOT. 1,HORA FIM MOT. 1
,
,
3:29,14:01
4:04,13:40
4:01,14:55
04:24,13:00
05:30,
05:05,18:52
6:12,18:50
04:24,13:00
7:05,12:00
6:28,15:16
5:58,19:31
6:24,21:40
6:40,18:40
6:29,13:01
6:35,18:14
6:28,13:59
07:06,
8:03,11:24
4:01,14:55
4:01,14:55
6:40,14:44
8:49,16:12
3:29,14:01
7:23,17:24
04:24,13:00
4:04,13:40
8:59,19:17
9:00,17:30
6:33,14:56
,
8:49,16:12
9:23,20:20
,
10:35,19:26
10:24,
9:39,18:34
10:49,16:50
,
6:28,15:16
5:58,19:31
6:35,18:14
12:07,17:51
11:18,17:54
12:15,23:01
12:15,20:46
13:56,18:12
12:49,17:34
8:30,19:48
14:10,23:50
12:30,20:18
14:00,00:00
,
9:23,20:20
,
6:24,21:40
9:39,18:34
16:26,22:15
16:26,22:15
16:26,22:15
12:03,23:12
16:16,21:51
6:12,18:50
16:26,22:15
16:26,22:15
16:26,22:15
12:49,17:34
HORA INÍCIO MOT. 1,HORA FIM MOT. 1
,
4:20,07:30
7:39,18:06
,
04:19,10:58
5:35,15:30
5:10,12:25
05:44,12:15
6:23,15:16
7:01,17:46
7:45,14:10
7:30,12:00
8:32,11:47
8:26,11:51
04:19,10:58
6:23,15:16
6:23,15:16
9:22,14:30
8:32,11:47
8:26,11:51
8:32,11:47
11:30,15:51
9:22,14:30
7:39,18:06
8:57,16:53
12:44,19:52
10:35,21:28
12:00,19:13
11:34,19:09
7:39,18:06
11:30,15:51
,
7:01,17:46
12:00,22:12
17:09,21:21
7:30,12:00
HORA INÍCIO MOT. 1,HORA FIM MOT. 1
3:20,15:38
,
5:19,10:19
9:12,17:26
,
7:24,15:35
7:00,08:47
7:31,17:31
3:20,15:38
5:19,10:19
SOBREAVISO,
5:19,10:19
9:12,17:26
10:12,17:50
10:08,14:12
11:09,
,
11:38,13:55
12:40,20:34
12:43,17:55
11:09,17:00
,
12:28,16:17
10:12,17:50
14:14,17:55
15:15,18:30
FOLGA ,
,
14:15,21:51
,
,
14:14,17:55
19:10,21:49
19:20,
,
HORA INÍCIO MOT. 1,HORA FIM MOT. 1
2:28,10:12
3:16,08:30
3:16,08:30
2:55,05:14
4:00,18:14
4:15,09:10
4:18,14:18
4:22,14:00
04:36,13:00
5:04,15:00
5:04,15:00
,
,
,
5:25,09:35
5:53,11:29
5:53,11:29
,
4:33,14:52
06:00,
2:28,10:12
6:10,18:56
6:05,16:40
5:04,15:00
5:28,15:15
6:57,21:04
,
07:18,
9:17,17:43
6:13,22:07
6:40,13:36
5:53,11:29
,
7:50,13:40
6:50,15:17
,
6:13,22:07
4:15,09:10
7:37,15:33
5:44,15:16
4:33,14:52
5:28,15:15
12:00,21:54
7:37,15:33
12:27,22:37
8:00,17:27
,
7:37,15:33
6:40,13:36
12:00,21:54
13:33,19:48
10:55,21:05
4:00,18:14
,
,
14:10,21:00
15:15,19:07
14:01,18:12
12:50,19:10
14:17,19:35
12:50,19:10
13:04,20:52
12:00,21:54
12:30,20:54
6:05,16:40
16:00,20:36
16:00,20:36
15:22,21:56
9:17,17:43
8:00,17:27
,
,
13:57,17:48
15:22,21:56
6:13,22:07
6:10,18:56
6:57,21:04
,
HORA INÍCIO MOT. 1,HORA FIM MOT. 1
2:04,16:13
3:31,14:41
4:05,9:30
3:46,8:50
04:21,12:00
5:02,9:45
4:40,15:58
4:55,8:12
4:36,20:16
4:55,22:22
05:51,
5:25,10:30
05:32,
5:33,19:48
,
,
6:23,18:52
,
5:33,19:48
6:53,16:48
5:34,15:36
,
5:33,19:48
,
5:33,19:48
6:51,15:21
6:34,19:20
6:00,19:25
3:31,14:41
8:11,12:56
5:33,19:48
10:40,19:30
8:15,17:17
,
,
6:29,22:17
8:44,12:53
09:39,
,
,
,
,
ASO,
10:20,19:41
4:40,15:58
10:46,21:00
11:21,19:13
11:12,20:26
3:31,14:41
11:08,14:24
10:36,19:54
10:20,19:41
5:34,15:36
11:54,21:02
2:04,16:13
5:25,10:30
12:27,16:00
,
10:40,19:30
,
3:31,14:41
6:00,19:25
10:46,21:00
6:34,19:20
4:55,22:22
11:21,19:13
15:22,21:10
,
13:50,19:15
14:41,22:21
4:36,20:16
11:12,20:26
11:08,19:35
12:34,14:43
13:09,21:43
11:08,19:35
12:30,15:16
SOBREAVISO,
11:54,21:02
5:33,19:48
6:53,16:48
,
13:55,19:48
,
5:33,19:48
5:33,19:48
6:23,18:52
17:15,23:07
12:27,16:00
15:00,01:03
15:00,01:03
HORA INÍCIO MOT. 1,HORA FIM MOT. 1
4:00,10:00
4:10,15:33
04:27,14:00
4:24,06:02
4:31,14:58
06:00,
5:14,20:05
,
,
6:29,18:28
5:14,20:05
6:55,16:41
5:23,17:09
04:27,14:00
5:39,19:00
4:00,10:00
5:14,20:05
6:17,15:18
6:38,18:30
6:02,19:06
6:13,19:47
6:28,19:52
5:14,20:05
7:24,16:44
06:47,
5:14,20:05
7:52,19:23
,
,
7:35,18:03
6:45,11:00
,
8:14,10:05
,
,
,
,
04:27,14:00
9:43,18:42
9:30,16:45
9:06,18:18
09:04,
9:05,18:26
04:27,14:00
10:45,19:00
,
11:19,
10:30,19:37
5:39,19:00
7:52,19:23
11:17,20:27
,
6:38,18:30
6:28,19:52
11:58,20:00
6:02,19:06
7:35,18:03
10:45,19:00
10:45,19:00
15:04,21:11
7:24,16:44
9:05,18:26
10:30,19:37
13:46,18:45
6:13,19:47
5:14,20:05
6:55,16:41
15:00,01:03
,
,
5:14,20:05
10:30,19:37
5:14,20:05
,
16:46,01:30
6:29,18:28
15:04,21:11
17:52,22:07
14:30,01:09
HORA INÍCIO MOT. 1,HORA FIM MOT. 1
04:06,07:20
4:24,08:16
04:21,14:00
04:29,21:46
,
06:00,
05:26,19:27
,
,
06:20,19:09
05:26,19:27
05:33,15:26
05:26,19:27
06:49,
07:12,16:43
06:52,12:32
05:26,19:27
06:45,15:54
07:53,
06:30,19:23
06:30,19:51
,
05:26,19:27
,
,
07:14,21:16
05:58,19:33
06:49,
07:55,21:03
06:12,14:32
08:00,14:22
04:21,14:00
10:33,20:48
9:48,22:39
,
,
,
,
04:21,14:00
10:07,12:02
10:07,12:02
10:05,17:00
08:53,19:05
06:52,12:32
10:09,19:03
10:53,20:36
08:02,19:09
05:33,15:26
10:16,20:21
06:12,14:32
11:10,16:50
,
06:30,19:51
11:59,19:35
13:57,21:26
10:33,20:48
07:12,16:43
9:48,22:39
,
08:53,19:05
06:30,19:23
12:42,15:58
11:15,16:05
08:02,19:09
07:14,21:16
11:10,16:50
14:30,20:20
14:40,19:45
05:58,19:33
10:09,19:03
07:18,11:20
17:01,23:32
14:46,17:53
04:29,21:46
05:26,19:27
14:30,20:20
14:40,19:45
,
17:05,23:43
16:07,21:23
10:16,20:21
05:26,19:27
15:20,19:40
14:58,00:40
11:09,00:06
17:05,23:43
05:26,19:27
06:20,19:09
14:30,01:09
18:00,21:41
07:55,21:03
HORA INÍCIO MOT. 1,HORA FIM MOT. 1
3:03,12:50
3:30,13:32
4:06,16:30
4:06,16:30
,
,
04:17,14:00
,
4:27,18:47
5:15,13:46
,
,
,
05:00,
04:17,14:00
6:15,18:03
,
,
,
6:13,16:51
04:17,14:00
04:17,14:00
06:52,
6:12,10:12
6:22,10:25
6:40,19:34
6:27,20:29
07:08,21:13
6:34,15:24
8:38,22:16
08:28,
8:30,20:45
8:38,22:16
7:55,12:25
7:13,11:30
3:30,13:32
3:03,12:50
6:55,17:02
6:35,19:49
8:02,12:40
8:00,20:54
,
,
11:00,18:10
4:06,16:30
9:30,17:25
9:27,16:37
09:53,
11:00,18:10
6:55,17:02
,
6:27,20:29
,
,
8:30,20:45
4:06,16:30
4:06,16:30
,
,
13:22,16:35
,
13:22,18:57
13:50,20:50
13:30,21:00
12:57,21:54
14:00,23:05
14:53,17:55
13:30,21:00
15:15,21:35
,
14:00,22:30
6:35,19:49
6:15,18:03
8:38,22:16
13:49,00:02
13:50,20:50
14:00,23:05
HORA INÍCIO MOT. 1,HORA FIM MOT. 1
04:00,15:51
05:20,
06:17,09:30
06:59,
7:36,17:36
6:50,13:35
08:35,
09:45,18:36
07:15,11:36
09:00,15:35
,
09:09,17:41
10:06,14:08
04:00,15:51
10:57,20:51
10:57,20:51
09:46,13:15
,
09:00,15:35
,
13:20,19:19
9:54,21:39
9:54,21:39
15:09,
,
14:39,
15:10,20:00
,
HORA INÍCIO MOT. 1,HORA FIM MOT. 1
17:56,23:36
08:57,
,
09:08,18:05
09:38,19:14
09:27,13:10
12:35,16:52
12:30,17:47
12:18,17:49
13:17,20:35
12:35,16:52
,
14:27,20:00
,
15:11,22:44
09:08,18:05
14:07,18:01
09:38,19:14
13:38,21:30
13:25,18:05
13:17,20:35
12:30,17:47
16:22,22:00
13:25,
,
15:56,22:32
15:33,23:03
17:05,22:25
17:05,22:25
15:33,23:03
,
16:22,22:00
15:11,22:44
17:56,23:36
HORA INÍCIO MOT. 1,HORA FIM MOT. 1
1:56,14:02
3:33,08:36
3:56,09:28
04:38,12:00
4:25,14:55
4:02,12:37
,
,
05:28,
5:59,19:21
5:59,19:21
4:09,17:22
5:31,15:12
5:31,09:29
5:00,20:00
06:55,
4:40,19:23
6:39,16:37
04:38,12:00
6:48,14:54
3:56,09:28
8:08,21:28
1:56,14:02
8:20,14:23
12:19,20:13
08:02,
7:21,18:58
4:02,12:37
8:50,15:23
,
4:09,17:22
SOBREAVISO,
4:02,12:37
6:39,16:37
9:05,15:00
9:45,12:52
,
4:02,12:37
10:29,15:39
8:50,15:23
4:25,14:55
12:19,20:13
5:31,15:12
,
,
,
10:07,22:28
12:17,20:23
,
8:20,14:23
5:00,20:00
13:10,17:35
10:00,19:50
8:50,15:23
12:17,20:23
12:17,20:23
4:09,17:22
9:00,20:38
13:49,21:28
14:36,19:56
12:13,19:05
12:19,20:13
11:55,19:54
5:59,19:21
5:59,19:21
15:08,18:42
15:11,19:40
,
9:07,13:00
15:08,18:42
12:14,23:03
12:14,23:03
10:07,22:28
15:40,19:25
12:17,20:23
8:08,21:28
,
4:40,19:23
15:00,01:10
17:42,23:42
14:00,01:10
14:00,01:10
HORA INÍCIO MOT. 1,HORA FIM MOT. 1
04:22,04:31
,
SOBREAVISO,
03:19,18:45
03:37,14:33
04:20,11:08
04:20,11:08
04:21,14:00
04:22,04:31
04:57,12:15
05:37,19:21
04:32,12:04
05:21,20:44
05:29,12:59
,
17:22,22:09
06:21,19:20
06:15,18:00
05:44,16:52
04:21,14:00
06:29,14:42
03:37,14:33
04:20,11:08
07:45,12:05
07:37,17:55
05:40,10:10
05:40,10:10
05:40,10:10
05:24,10:46
05:24,10:46
12:21,16:16
06:54,18:33
05:44,16:52
03:19,18:45
06:29,14:02
09:07,13:00
09:25,19:47
09:20,15:44
10:00,20:00
10:05,14:00
03:37,14:33
10:00,20:00
04:21,14:00
05:29,12:59
06:29,14:42
08:53,15:49
10:00,21:30
12:23,16:32
12:23,16:32
06:48,19:00
08:12,18:06
07:40,19:24
07:59,19:12
06:15,18:00
12:13,
11:57,19:06
05:37,19:21
07:37,17:55
,
05:21,20:44
09:11,
09:07,13:00
09:04,21:05
SOBREAVISO,
12:23,16:32
12:40,23:17
12:21,16:16
11:05,16:15
SOBREAVISO,
SOBREAVISO,
,
05:44,16:52
04:57,12:15
09:07,13:00
SOBREAVISO,
12:58,19:41
,
03:19,18:45
14:00,01:10
10:00,21:30
09:25,19:47
06:15,18:00
11:49,23:47
06:21,19:20
12:40,23:17
15:30,01:10
HORA INÍCIO MOT. 1,HORA FIM MOT. 1
04:03,09:44
03:44,10:30
SOBREAVISO,
SOBREAVISO,
04:18,16:42
04:58,
04:28,18:59
04:11,19:30
05:55,
05:15,20:10
06:27,19:20
05:15,20:10
05:29,19:51
06:05,18:15
04:18,16:42
06:33,15:04
04:03,09:44
05:15,20:10
06:39,15:23
06:30,13:50
06:28,20:08
06:09,14:28
06:52,15:03
,
05:15,20:10
07:40,18:49
,
08:44,20:00
,
11:27,20:05
,
05:15,20:10
,
04:18,16:42
06:05,18:15
,
07:10,17:05
8:00,20:07
,
10:02,19:35
10:23,17:01
,
10:32,22:10
09:32,18:43
09:26,20:04
09:18,20:32
,
10:03,19:50
,
08:00,19:54
15:27,21:32
,
04:18,16:42
06:33,15:04
10:42,17:03
08:44,20:00
,
12:30,22:03
12:30,22:03
12:30,22:03
10:59,20:22
10:03,19:50
15:30,01:10
06:28,20:08
10:32,22:10
10:03,19:50
SOBREAVISO,
13:02,18:29
13:02,18:29
04:11,19:30
13:02,18:29
09:31,19:40
14:00,18:41
8:00,20:07
09:26,20:04
,
05:15,20:10
11:27,20:05
15:27,21:32
15:30,01:10
09:18,20:32
12:21,21:51
14:54,23:11
17:44,22:08
06:05,18:15
,
05:15,20:10
04:28,18:59
06:05,18:15
,
05:15,20:10
06:27,19:20
12:30,22:03
12:30,22:03
,
17:44,22:08
,
,
HORA INÍCIO MOT. 1,HORA FIM MOT. 1
2:47,12:49
3:33,15:17
4:00,19:26
4:16,13:00
4:24,05:43
4:24,05:43
4:24,05:43
4:16,14:16
2:47,12:49
4:30,15:01
5:32,12:44
4:16,13:00
05:58,
6:23,19:15
6:00,17:59
6:02,15:08
06:59,
7:27,20:11
06:43,
6:33,15:44
6:33,15:44
,
7:01,20:11
7:41,13:23
10:46,19:56
10:49,14:15
13:49,23:51
06:09,
7:39,12:54
2:47,12:49
6:50,20:30
6:35,19:52
08:34,
6:30,15:20
,
,
7:23,17:00
7:27,18:53
6:33,15:44
4:30,15:01
4:30,15:01
,
9:40,20:22
,
6:00,17:59
4:00,19:26
4:16,13:00
10:09,14:40
06:43,
6:33,15:44
6:33,15:44
10:13,
9:38,18:49
,
10:22,
7:23,17:00
7:27,18:53
6:33,15:44
6:02,15:08
3:33,15:17
12:39,19:10
12:23,18:13
4:30,15:01
12:27,21:05
12:27,21:05
12:05,23:31
,
13:00,19:31
11:59,19:49
,
7:27,20:11
11:25,22:57
11:36,20:12
12:25,20:11
12:23,19:16
,
4:00,19:26
,
,
7:01,20:11
6:35,19:52
15:00,20:31
10:46,19:56
9:38,18:49
12:42,19:58
,
,
,
,
,
10:46,19:56
13:49,23:51
13:35,22:51
6:00,17:59
12:27,21:05
9:40,20:22
6:23,19:15
12:27,21:05
16:30,23:33
17:27,21:25
18:15,22:18
18:52,23:54
,
,
11:25,22:57
12:05,23:31
HORA INÍCIO MOT. 1,HORA FIM MOT. 1
3:27,15:17
3:28,12:57
3:42,9:33
04:11,
4:17,13:57
4:02,15:52
4:30,15:10
6:01,11:29
5:20,09:00
05:58,
6:27,17:58
SOBREAVISO,
5:50,8:20
4:17,13:57
3:27,15:17
6:14,16:36
6:08,16:34
,
5:33,23:00
6:34,20:22
6:17,14:00
6:31,12:34
6:36,15:40
3:42,9:33
4:30,15:10
8:15,16:28
,
9:10,13:14
9:10,13:14
7:11,12:48
3:28,12:57
,
,
9:46,20:23
10:08,
4:17,13:57
6:14,16:36
10:35,18:38
10:36,21:13
9:36,16:56
6:14,16:36
,
3:27,15:17
4:02,15:52
12:18,20:08
12:18,20:08
13:00,17:03
,
,
9:46,20:23
9:46,20:23
12:00,20:10
7:50,17:27
9:36,16:56
10:35,18:38
14:00,20:15
10:36,21:13
,
6:36,15:40
12:18,22:09
12:28,
13:04,20:52
9:47,23:03
12:18,20:08
14:29,
15:35,21:50
16:22,21:02
16:22,21:02
17:13,21:34
17:13,21:34
13:21,0:43
16:05,20:21
6:27,17:58
17:13,21:34
17:13,21:34
16:22,21:02
8:34,01:59
16:45,20:22
,
HORA INÍCIO MOT. 1,HORA FIM MOT. 1
4:11,5:58
4:22,14:40
SOBREAVISO,
5:31,11:05
6:28,20:28
6:23,11:13
7:15,17:15
4:22,14:40
8:13,11:58
4:22,14:40
6:23,11:13
8:13,11:58
07:56,12:25
5:31,11:05
8:13,11:58
,
7:15,17:15
8:13,11:58
,
,
9:02,21:42
6:28,20:28
9:56,20:46
10:30,13:30
9:45,16:22
11:35,16:42
4:22,14:40
11:12,18:02
10:21,22:02
12:39,23:04
11:29,17:41
,
9:45,16:22
12:30,21:45
16:10,01:03
17:05,18:35
8:00,20:27
15:25,
9:02,21:42
6:28,20:28
9:02,21:42
12:30,21:45
16:10,01:03
17:05,18:35
9:56,20:46
18:11,23:03
,
12:39,23:04
HORA INÍCIO MOT. 1,HORA FIM MOT. 1
3:32,05:36
4:00,09:10
4:00,09:10
06:59,09:32
,
4:00,09:10
9:26,17:45
12:32,16:58
12:41,22:08
12:03,20:08
12:03,20:08
12:08,16:07
12:32,16:58
12:32,16:58
12:32,16:58
,
14:21,20:06
9:26,17:45
13:30,19:12
18:14,01:03
12:41,20:13
15:52,22:10
SOBREAVISO,
15:47,21:25
SOBREAVISO,
16:19,20:14
16:29,21:04
12:41,22:08
16:59,22:42
18:14,01:03
,
19:06,23:39
14:00,00:15
HORA INÍCIO MOT. 1,HORA FIM MOT. 1
,
,
3:23,14:00
4:22,5:23
4:45,20:28
4:35,14:30
4:26,13:56
,
05:22,
05:33,
,
5:15,15:27
5:31,10:53
5:31,10:53
05:55,
05:19,
6:28,18:40
6:30,10:22
4:26,13:56
4:53,14:00
5:51,14:22
5:15,20:36
05:34,
7:02,11:31
6:57,23:00
,
6:06,11:20
4:35,14:30
4:35,14:30
4:35,14:30
4:30,14:03
4:30,14:03
5:31,10:53
5:31,10:53
6:58,19:37
7:38,18:50
6:11,19:44
6:01,21:03
6:01,21:03
,
4:26,13:56
8:20,18:50
7:50,15:05
6:30,10:22
9:07,22:35
9:11,13:36
9:43,22:19
4:53,14:00
5:15,15:27
10:41,15:03
4:22,5:23
3:23,14:00
,
10:06,20:15
6:58,19:37
4:22,5:23
4:26,13:56
12:27,18:02
8:03,19:22
6:11,19:44
4:45,20:28
12:04,20:49
9:26,21:31
,
,
8:59,23:09
,
,
12:27,18:02
8:20,18:50
16:04,20:40
,
6:01,21:03
14:00,
7:38,18:50
5:34,18:05
10:06,20:15
6:57,23:00
,
16:04,20:40
15:56,23:08
,
,
,
9:43,22:19
9:07,22:35
6:28,18:40
16:04,20:40
HORA INÍCIO MOT. 1,HORA FIM MOT. 1
3:21,13:44
3:53,14:00
4:16,10:13
4:09,09:05
3:53,14:00
5:08,12:23
5:16,10:17
5:37,18:28
5:37,18:28
05:58,
4:47,20:10
06:04,
5:47,15:49
6:28,18:40
4:47,20:10
6:37,17:39
5:53,16:14
4:09,09:05
4:16,10:13
6:27,20:25
5:30,15:18
4:47,20:10
4:47,20:10
07:06,
6:04,18:49
5:16,10:17
,
5:08,12:23
4:47,20:10
3:53,14:00
7:40,19:28
7:31,14:56
7:34,18:54
6:31,13:09
8:07,17:59
8:31,13:24
6:51,13:53
3:21,13:44
3:21,13:44
6:40,13:43
8:35,18:46
7:05,13:37
10:02,19:48
10:10,
5:08,12:23
10:03,22:21
10:07,15:02
10:04,17:10
3:53,14:00
,
6:27,20:25
10:39,19:18
9:09,15:16
9:09,15:16
8:32,18:50
9:10,21:45
5:30,15:18
5:53,16:14
8:25,19:23
,
12:19,17:09
5:47,15:49
12:07,01:33
8:35,19:32
12:15,
,
10:02,19:48
6:04,18:49
10:04,17:10
,
,
,
7:40,19:28
,
5:37,18:28
5:37,18:28
13:30,18:36
12:07,01:33
4:47,20:10
10:03,22:21
8:32,18:50
6:37,17:39
4:47,20:10
,
12:07,01:33
4:47,20:10
6:15,19:25
,
12:07,01:33
,
HORA INÍCIO MOT. 1,HORA FIM MOT. 1
,
,
4:02,12:38
3:49,14:00
4:07,12:50
3:49,14:00
3:23,12:41
SOBREAVISO,
5:40,16:11
,
5:26,08:57
5:26,08:57
05:59,17:28
5:54,06:54
5:41,17:06
5:04,13:51
3:49,14:00
4:50,15:43
5:07,17:50
6:20,19:31
3:23,12:41
5:04,13:51
6:09,13:25
6:05,17:20
3:49,14:00
6:39,14:53
4:02,12:38
6:05,17:20
5:04,13:51
6:26,14:23
6:32,13:23
6:35,13:27
6:00,15:30
7:13,15:20
5:04,13:51
7:24,21:13
3:23,12:41
07:43,19:35
7:06,20:25
5:04,13:51
3:49,14:00
8:18,13:57
6:09,13:25
,
8:08,18:16
08:40,23:02
3:49,14:00
10:25,21:23
5:40,16:11
4:02,12:38
9:46,16:37
9:44,18:00
9:44,18:00
,
8:08,18:16
4:07,12:50
7:13,15:20
9:00,19:38
6:05,17:20
5:07,17:50
8:42,19:30
16:27,18:26
6:39,14:53
7:10,13:59
,
12:24,19:04
6:05,17:20
13:40,00:45
,
,
6:05,17:20
6:35,13:27
SOBREAVISO,
,
7:24,21:13
15:29,18:54
,
15:22,20:09
,
9:00,19:38
7:06,20:25
6:05,17:20
14:31,17:53
8:42,19:30
13:25,21:19
12:52,21:16
16:17,23:47
,
8:18,13:57
,
6:20,19:31
16:17,23:47
,
HORA INÍCIO MOT. 1,HORA FIM MOT. 1
,
3:57,13:08
4:00,13:00
3:29,13:51
4:00,13:00
3:37,14:20
4:00,13:00
,
3:34,18:12
4:22,13:00
,
05:34,
5:36,17:47
5:31,13:48
06:00,17:20
5:05,19:22
6:09,17:38
6:20,19:20
,
4:00,13:00
5:05,19:22
6:23,15:38
5:05,19:22
,
7:04,14:03
5:05,19:22
6:33,20:52
6:33,20:52
6:30,19:30
6:35,16:08
6:30,15:13
3:29,13:51
5:05,19:22
,
9:00,22:24
9:05,22:50
4:00,13:00
9:00,19:44
4:00,13:00
8:40,18:43
3:57,13:08
,
4:00,13:00
3:37,14:20
10:20,18:25
8:40,18:43
9:11,15:09
4:22,13:00
10:01,15:42
,
4:00,13:00
6:23,15:38
8:10,14:41
3:34,18:12
12:15,19:22
SOBREAVISO,
6:30,19:30
12:07,21:17
12:13,16:10
12:03,19:04
6:33,20:52
13:26,
,
10:20,18:25
3:34,18:12
13:32,17:55
,
6:09,17:38
12:35,21:19
5:36,17:47
13:53,21:22
8:40,18:43
,
5:05,19:22
SOBREAVISO,
10:20,18:25
16:29,21:27
9:05,22:50
,
5:05,19:22
16:28,18:50
,
16:28,18:50
,
5:05,19:22
6:20,19:20
13:32,17:55
16:29,21:27
16:29,21:27
16:29,21:27
,
17:01,22:07
,
,
HORA INÍCIO MOT. 1,HORA FIM MOT. 1
,
3:20,04:58
4:04,17:12
3:59,13:00
2:46,07:05
3:59,13:00
5:38,15:54
5:38,15:54
06:00,17:10
4:49,11:58
6:25,18:35
6:16,13:02
5:57,16:35
3:59,13:00
6:50,15:44
5:39,16:55
6:20,10:14
6:14,10:24
5:38,15:54
5:38,15:54
06:45,15:31
6:36,15:05
06:35,14:34
6:13,19:02
06:55,15:28
6:31,19:13
09:05,11:53
4:04,17:12
4:04,17:12
8:00,11:52
10:00,11:50
10:01,17:02
6:50,15:44
9:00,20:55
,
11:06,19:52
9:56,17:50
5:39,16:55
5:57,16:35
5:38,15:54
5:38,15:54
5:38,15:54
6:16,13:02
5:38,15:54
,
4:04,17:12
4:04,17:12
6:50,15:44
13:49,15:40
6:13,19:02
,
14:10,23:10
,
22:29,00:02
6:25,18:35
9:00,20:55
16:22,21:10
16:22,21:10
17:52,21:40
17:52,21:40
17:02,21:02
17:52,21:40
17:52,21:40
22:29,00:02
HORA INÍCIO MOT. 1,HORA FIM MOT. 1
3:30,14:04
3:30,14:04
5:45,19:20
5:36,17:48
6:21,18:08
,
7:28,11:47
7:47,09:30
7:11,20:44
8:11,17:21
6:38,20:08
6:21,18:08
5:45,19:20
,
9:47,15:13
11:55,23:44
3:30,14:04
8:11,17:21
7:11,20:44
5:36,17:48
,
SOBREAVISO,
,
13:20,20:44
15:38,21:03
6:38,20:08
17:59,21:30
7:11,20:44
11:55,23:44
17:59,21:30
HORA INÍCIO MOT. 1,HORA FIM MOT. 1
,
3:37,13:09
7:28,13:09
3:37,13:09
9:50,16:45
8:18,13:53
9:00,17:43
7:28,13:09
10:07,13:49
10:07,13:49
7:28,13:09
9:50,16:45
9:00,17:43
12:34,19:49
15:24,21:55
,
14:57,19:07
16:27,21:14
17:09,22:25
16:34,20:50
15:24,21:55
19:56,00:00
HORA INÍCIO MOT. 1,HORA FIM MOT. 1
3:18,13:08
3:29,11:55
3:10,10:20
3:28,08:57
4:00,12:30
4:20,14:20
3:55,05:44
4:41,08:20
4:41,08:20
5:47,17:24
5:24,10:59
06:00,17:17
5:16,18:32
6:20,18:50
05:10,14:19
5:24,10:59
3:10,10:20
7:33,15:41
6:37,20:13
07:58,20:21
7:24,10:12
9:07,17:05
3:18,13:08
8:16,15:01
7:25,16:29
,
3:29,11:55
4:00,12:30
5:16,18:32
4:20,14:20
11:36,23:56
11:05,14:15
13:17,16:04
,
,
,
6:37,20:13
,
7:25,16:29
11:06,19:37
,
5:16,18:32
12:21,20:30
9:07,17:05
12:35,20:35
,
14:19,19:53
,
11:45,22:02
16:01,21:22
14:23,22:12
15:00,21:17
8:00,21:46
11:36,23:56
17:22,23:09
6:20,18:50
,
,
HORA INÍCIO MOT. 1,HORA FIM MOT. 1
3:01,12:11
3:33,12:24
4:09,12:00
4:22,10:10
4:09,12:00
4:14,16:07
5:50,15:30
5:50,15:30
4:41,11:19
5:39,21:01
06:00,
5:38,19:02
5:05,20:45
6:18,19:28
5:05,20:45
4:09,12:00
5:05,20:45
06:20,
4:09,12:00
6:25,20:47
5:55,18:07
,
5:05,20:45
5:50,15:30
7:35,12:32
6:56,12:50
,
4:22,10:10
5:05,20:45
8:05,11:29
6:28,19:09
3:33,12:24
6:01,20:50
3:01,12:11
9:37,21:15
9:43,16:22
4:09,12:00
,
11:14,
10:57,
11:12,13:58
10:06,17:55
12:23,17:00
13:00,18:30
5:55,18:07
6:25,20:47
13:00,18:30
9:43,16:22
12:51,21:04
,
8:54,19:40
,
,
11:05,19:02
11:48,21:01
,
5:38,19:02
,
5:05,20:45
13:30,19:01
13:30,19:01
15:20,20:57
5:39,21:01
14:21,20:59
14:21,20:59
16:00,22:19
5:05,20:45
6:01,20:50
,
15:20,20:57
6:18,19:28
5:05,20:45
,
9:37,21:15
,
16:00,22:19
8:00,21:22
,
10:57,01:09
,
HORA INÍCIO MOT. 1,HORA FIM MOT. 1
4:38,09:59
4:10,09:33
5:03,14:15
5:33,09:08
,
06:00,17:07
05:46,17:44
5:07,20:34
6:20,19:09
5:07,20:34
5:29,20:10
4:10,09:33
6:31,16:04
6:25,20:31
6:53,20:36
7:13,18:51
5:07,20:34
4:38,09:59
6:13,19:15
6:33,19:20
6:43,20:26
5:07,20:34
4:10,09:33
5:07,20:34
6:30,17:50
7:50,14:36
9:21,14:18
9:05,20:23
8:40,17:14
10:00,10:50
6:25,20:31
6:53,20:36
7:13,18:51
7:50,14:36
,
11:29,15:56
6:31,16:04
11:56,17:25
12:01,18:32
7:50,14:36
12:24,22:39
,
13:42,19:20
14:09,21:36
13:39,19:39
6:33,19:20
9:04,19:23
,
,
6:43,20:26
10:57,19:57
6:13,19:15
,
5:07,20:34
,
6:25,20:31
16:13,20:25
16:28,20:42
5:07,20:34
12:38,23:05
5:07,20:34
6:20,19:09
,
16:28,20:42
12:24,22:39
12:24,22:39
12:24,22:39
12:24,22:39
16:28,20:42
,
HORA INÍCIO MOT. 1,HORA FIM MOT. 1
,
3:17,17:49
4:01,12:48
3:58,12:00
3:28,12:02
3:28,12:02
3:58,12:00
3:59,12:33
5:56,09:37
5:29,17:37
05:55,17:16
5:05,19:48
6:07,19:42
3:58,12:00
5:05,19:48
5:05,19:48
06:40,
6:18,16:18
5:56,09:37
6:01,16:46
6:01,16:46
5:05,19:48
6:47,12:20
3:58,12:00
4:01,12:48
4:01,12:48
6:35,19:32
6:00,19:30
5:05,19:48
8:21,20:42
ATESTADO,
9:29,18:00
3:17,17:49
4:01,12:48
3:58,12:00
9:27,19:13
SOBREAVISO,
9:56,17:01
10:52,17:01
10:28,19:28
3:28,12:02
ATESTADO,
12:25,20:30
11:52,19:35
12:02,19:36
11:11,18:36
6:01,16:46
,
11:11,18:36
6:35,19:32
,
11:27,20:30
8:51,18:58
,
11:58,
6:00,19:30
,
14:00,18:11
,
SOBREAVISO,
9:27,19:13
9:29,18:00
3:17,17:49
10:28,19:28
,
,
11:52,15:13
5:05,19:48
,
16:33,20:39
12:25,20:30
12:25,20:30
11:54,
5:05,19:48
17:03,18:47
12:25,20:30
15:00,18:25
5:05,19:48
6:07,19:42
16:33,20:39
,
HORA INÍCIO MOT. 1,HORA FIM MOT. 1
4:30,11:59
3:32,08:46
3:34,13:06
4:00,13:45
4:10,17:55
04:30,
4:30,11:59
3:32,08:46
4:53,14:15
,
,
,
,
4:53,14:15
5:23,12:31
6:31,18:41
4:30,11:59
6:36,18:36
,
5:56,11:42
3:32,08:46
14:43,23:35
6:30,14:00
6:52,14:21
6:36,19:38
6:38,21:42
6:29,20:36
6:55,10:50
7:18,21:20
5:56,11:42
7:44,16:35
3:34,13:06
4:53,14:15
4:00,13:45
8:06,17:29
8:39,15:15
8:45,20:38
10:54,
5:23,12:31
,
12:14,18:00
11:52,
4:10,17:55
12:36,21:40
12:00,20:31
12:02,16:24
6:38,21:42
4:10,17:55
14:05,
6:29,20:36
13:39,22:43
,
16:23,22:51
12:11,22:56
7:18,21:20
14:43,23:35
8:45,20:38
12:36,21:40
6:31,18:41
,
16:43,21:37
16:43,21:37
16:43,21:37
,
13:39,22:43
14:43,23:35
16:23,22:51
